,capital,entry_date,entry_price,exit_date,exit_price,exit_type,fee,mae,profit_loss,quantity,quantity_active,trade_direction,type_trade
0,493825.94999999995,2005-09-20 18:00:00,1230.01,2005-09-21 13:00:00,1223.84995,StopLoss,14.0,0,-6174.050000000047,1.0,5600.0,Long,Backtesting
1,487688.1499999999,2005-09-29 11:00:00,1222.76,2005-09-29 15:00:00,1216.6362,StopLoss,14.0,0,-6137.800000000047,1.0,5600.0,Long,Backtesting
2,481581.59999999986,2005-10-04 20:00:00,1216.51,2005-10-05 15:00:00,1210.41745,StopLoss,14.0,0,-6106.550000000047,1.0,5600.0,Long,Backtesting
3,475583.7999999998,2005-10-10 15:00:00,1194.76,2005-10-11 16:00:00,1188.7762,StopLoss,14.0,0,-5997.800000000047,1.0,5600.0,Long,Backtesting
4,483049.7999999998,2005-10-11 21:00:00,1185.76,2005-10-12 13:00:00,1193.24,ExitLong,14.0,-0.0008517743894210783,7466.0,1.0,5600.0,Long,Backtesting
5,489265.7999999998,2005-10-17 01:00:00,1187.76,2005-10-17 20:00:00,1193.99,ExitLong,14.0,-0.001271300599447689,6216.0,1.0,5600.0,Long,Backtesting
6,483291.75,2005-10-18 13:00:00,1190.01,2005-10-18 18:00:00,1184.04995,StopLoss,14.0,0,-5974.049999999814,1.0,5600.0,Long,Backtesting
7,477357.69999999995,2005-10-18 19:00:00,1182.01,2005-10-19 08:00:00,1176.08995,StopLoss,14.0,0,-5934.050000000047,1.0,5600.0,Long,Backtesting
8,471394.90000000014,2005-10-20 18:00:00,1187.76,2005-10-20 19:00:00,1181.8112,StopLoss,14.0,0,-5962.799999999814,1.0,5600.0,Long,Backtesting
9,478860.90000000014,2005-10-20 20:00:00,1177.51,2005-10-21 07:00:00,1184.99,ExitLong,14.0,-0.0014946794507052497,7466.0,1.0,5600.0,Long,Backtesting
10,487576.90000000014,2005-11-02 12:00:00,1205.51,2005-11-02 16:00:00,1214.24,ExitLong,14.0,-0.002496868545262987,8716.0,1.0,5600.0,Long,Backtesting
11,495792.90000000014,2005-11-07 03:00:00,1220.26,2005-11-09 17:00:00,1228.49,ExitLong,14.0,-0.0014423155720911796,8216.0,1.0,5600.0,Long,Backtesting
12,503258.90000000014,2005-11-15 03:00:00,1234.26,2005-11-17 19:00:00,1241.74,ExitLong,14.0,-0.0046667638909143605,7466.0,1.0,5600.0,Long,Backtesting
13,496936.1000000001,2005-11-30 07:00:00,1259.76,2005-11-30 20:00:00,1253.4512,StopLoss,14.0,0,-6322.800000000047,1.0,5600.0,Long,Backtesting
14,505402.1000000001,2005-12-08 01:00:00,1257.26,2005-12-09 12:00:00,1265.74,ExitLong,14.0,-0.00478023638706393,8466.0,1.0,5600.0,Long,Backtesting
15,498975.55000000005,2005-12-15 09:00:00,1280.51,2005-12-16 21:00:00,1274.09745,StopLoss,14.0,0,-6426.550000000047,1.0,5600.0,Long,Backtesting
16,507691.55000000005,2005-12-20 04:00:00,1267.01,2005-12-21 15:00:00,1275.74,ExitLong,14.0,-0.001783727042406924,8716.0,1.0,5600.0,Long,Backtesting
17,501282.5,2005-12-27 15:00:00,1277.01,2005-12-27 16:00:00,1270.61495,StopLoss,14.0,0,-6409.050000000047,1.0,5600.0,Long,Backtesting
18,494914.69999999995,2005-12-27 17:00:00,1268.76,2005-12-29 20:00:00,1262.4062,StopLoss,14.0,0,-6367.800000000047,1.0,5600.0,Long,Backtesting
19,501380.69999999995,2006-01-10 02:00:00,1291.76,2006-01-11 10:00:00,1298.24,ExitLong,14.0,-0.0019430854028612554,6466.0,1.0,5600.0,Long,Backtesting
20,494896.65000000014,2006-01-12 19:00:00,1292.01,2006-01-17 15:00:00,1285.53995,StopLoss,14.0,0,-6484.049999999814,1.0,5600.0,Long,Backtesting
21,488440.1000000001,2006-01-20 04:00:00,1286.51,2006-01-20 15:00:00,1280.06745,StopLoss,14.0,0,-6456.550000000047,1.0,5600.0,Long,Backtesting
22,481978.55000000005,2006-01-31 11:00:00,1287.51,2006-01-31 19:00:00,1281.06245,StopLoss,14.0,0,-6461.550000000047,1.0,5600.0,Long,Backtesting
23,488444.55000000005,2006-01-31 22:00:00,1278.26,2006-02-01 20:00:00,1284.74,ExitLong,14.0,-0.0015724500492857452,6466.0,1.0,5600.0,Long,Backtesting
24,482004.25,2006-02-02 10:00:00,1283.26,2006-02-02 16:00:00,1276.8337,StopLoss,14.0,0,-6440.300000000047,1.0,5600.0,Long,Backtesting
25,475651.44999999995,2006-02-07 10:00:00,1265.76,2006-02-07 18:00:00,1259.4212,StopLoss,14.0,0,-6352.800000000047,1.0,5600.0,Long,Backtesting
26,482117.44999999995,2006-02-07 20:00:00,1257.51,2006-02-08 17:00:00,1263.99,ExitLong,14.0,-0.0013995912557355217,6466.0,1.0,5600.0,Long,Backtesting
27,488333.44999999995,2006-02-20 07:00:00,1288.26,2006-02-22 17:00:00,1294.49,ExitLong,14.0,-0.004083026718209037,6216.0,1.0,5600.0,Long,Backtesting
28,481845.6499999999,2006-02-27 12:00:00,1292.76,2006-02-28 15:00:00,1286.2862,StopLoss,14.0,0,-6487.800000000047,1.0,5600.0,Long,Backtesting
29,489561.6499999999,2006-02-28 16:00:00,1283.51,2006-03-01 18:00:00,1291.24,ExitLong,14.0,-0.0027346884714571917,7716.0,1.0,5600.0,Long,Backtesting
30,483155.09999999986,2006-03-07 11:00:00,1276.51,2006-03-08 16:00:00,1270.11745,StopLoss,14.0,0,-6406.550000000047,1.0,5600.0,Long,Backtesting
31,490371.09999999986,2006-03-09 18:00:00,1286.26,2006-03-10 15:00:00,1293.49,ExitLong,14.0,-0.004283737347037131,7216.0,1.0,5600.0,Long,Backtesting
32,483769.5499999998,2006-03-20 15:00:00,1315.51,2006-03-21 19:00:00,1308.92245,StopLoss,14.0,0,-6601.550000000047,1.0,5600.0,Long,Backtesting
33,491735.5499999998,2006-03-21 20:00:00,1307.01,2006-03-22 20:00:00,1314.99,ExitLong,14.0,-0.0017291374970351825,7966.0,1.0,5600.0,Long,Backtesting
34,485165.24999999977,2006-03-27 16:00:00,1309.26,2006-03-28 20:00:00,1302.7037,StopLoss,14.0,0,-6570.300000000047,1.0,5600.0,Long,Backtesting
35,492131.24999999977,2006-03-30 18:00:00,1307.76,2006-04-03 14:00:00,1314.74,ExitLong,14.0,-0.0038309781611304272,6966.0,1.0,5600.0,Long,Backtesting
36,499097.24999999977,2006-04-03 19:00:00,1306.01,2006-04-04 16:00:00,1312.99,ExitLong,14.0,-0.0028789978637223657,6966.0,1.0,5600.0,Long,Backtesting
37,508563.24999999977,2006-04-06 16:00:00,1312.51,2006-04-07 12:00:00,1321.99,ExitLong,14.0,-0.001912366381970454,9466.0,1.0,5600.0,Long,Backtesting
38,502016.69999999995,2006-04-11 03:00:00,1304.51,2006-04-11 14:00:00,1297.97745,StopLoss,14.0,0,-6546.549999999814,1.0,5600.0,Long,Backtesting
39,495515.1499999999,2006-04-11 16:00:00,1295.51,2006-04-17 17:00:00,1289.02245,StopLoss,14.0,0,-6501.550000000047,1.0,5600.0,Long,Backtesting
40,503231.1499999999,2006-04-19 14:00:00,1311.51,2006-04-20 16:00:00,1319.24,ExitLong,14.0,-0.0024856844400729106,7716.0,1.0,5600.0,Long,Backtesting
41,510197.1499999999,2006-04-25 15:00:00,1307.26,2006-04-26 13:00:00,1314.24,ExitLong,14.0,-0.002302525893854268,6966.0,1.0,5600.0,Long,Backtesting
42,503625.59999999986,2006-04-26 21:00:00,1309.51,2006-04-27 10:00:00,1302.95245,StopLoss,14.0,0,-6571.550000000047,1.0,5600.0,Long,Backtesting
43,510591.59999999986,2006-04-27 22:00:00,1313.51,2006-05-01 13:00:00,1320.49,ExitLong,14.0,-0.002101240188502551,6966.0,1.0,5600.0,Long,Backtesting
44,503932.5499999998,2006-05-10 15:00:00,1327.01,2006-05-11 14:00:00,1320.36495,StopLoss,14.0,0,-6659.050000000047,1.0,5600.0,Long,Backtesting
45,497333.5,2006-05-11 15:00:00,1315.01,2006-05-11 18:00:00,1308.42495,StopLoss,14.0,0,-6599.049999999814,1.0,5600.0,Long,Backtesting
46,490833.19999999995,2006-05-16 05:00:00,1295.26,2006-05-17 12:00:00,1288.7737,StopLoss,14.0,0,-6500.300000000047,1.0,5600.0,Long,Backtesting
47,497549.19999999995,2006-05-18 21:00:00,1263.51,2006-05-19 16:00:00,1270.24,ExitLong,14.0,-0.004163006228680377,6716.0,1.0,5600.0,Long,Backtesting
48,491186.3999999999,2006-05-22 06:00:00,1267.76,2006-05-22 08:00:00,1261.4112,StopLoss,14.0,0,-6362.800000000047,1.0,5600.0,Long,Backtesting
49,484817.3500000001,2006-05-30 16:00:00,1269.01,2006-05-30 19:00:00,1262.65495,StopLoss,14.0,0,-6369.049999999814,1.0,5600.0,Long,Backtesting
50,492033.3500000001,2006-05-30 20:00:00,1260.01,2006-05-31 13:00:00,1267.24,ExitLong,14.0,-0.0031825144244886916,7216.0,1.0,5600.0,Long,Backtesting
51,485678.05000000005,2006-06-07 05:00:00,1266.26,2006-06-07 19:00:00,1259.9187,StopLoss,14.0,0,-6355.300000000047,1.0,5600.0,Long,Backtesting
52,479415.25,2006-06-12 20:00:00,1247.76,2006-06-13 10:00:00,1241.5112,StopLoss,14.0,0,-6262.800000000047,1.0,5600.0,Long,Backtesting
53,488631.25,2006-06-13 11:00:00,1241.01,2006-06-13 13:00:00,1250.24,ExitLong,14.0,-0.0012167508722733533,9216.0,1.0,5600.0,Long,Backtesting
54,482319.69999999995,2006-06-19 16:00:00,1257.51,2006-06-19 17:00:00,1251.21245,StopLoss,14.0,0,-6311.550000000047,1.0,5600.0,Long,Backtesting
55,492035.69999999995,2006-06-19 18:00:00,1248.51,2006-06-20 15:00:00,1258.24,ExitLong,14.0,-0.001009202969940115,9716.0,1.0,5600.0,Long,Backtesting
56,499001.69999999995,2006-06-20 19:00:00,1250.01,2006-06-21 13:00:00,1256.99,ExitLong,14.0,-0.0008079935360516544,6966.0,1.0,5600.0,Long,Backtesting
57,492690.1499999999,2006-06-22 14:00:00,1257.51,2006-06-22 18:00:00,1251.21245,StopLoss,14.0,0,-6311.550000000047,1.0,5600.0,Long,Backtesting
58,486374.84999999986,2006-06-27 08:00:00,1258.26,2006-06-27 16:00:00,1251.9587,StopLoss,14.0,0,-6315.300000000047,1.0,5600.0,Long,Backtesting
59,493090.84999999986,2006-06-30 00:00:00,1281.26,2006-07-03 15:00:00,1287.99,ExitLong,14.0,-0.0015687682437600659,6716.0,1.0,5600.0,Long,Backtesting
60,486636.7999999998,2006-07-03 22:00:00,1286.01,2006-07-05 13:00:00,1279.56995,StopLoss,14.0,0,-6454.050000000047,1.0,5600.0,Long,Backtesting
61,494102.7999999998,2006-07-10 18:00:00,1273.26,2006-07-11 19:00:00,1280.74,ExitLong,14.0,-0.004523820743603024,7466.0,1.0,5600.0,Long,Backtesting
62,487709.99999999977,2006-07-12 14:00:00,1273.76,2006-07-12 17:00:00,1267.3812,StopLoss,14.0,0,-6392.800000000047,1.0,5600.0,Long,Backtesting
63,481398.4499999997,2006-07-13 13:00:00,1257.51,2006-07-13 18:00:00,1251.21245,StopLoss,14.0,0,-6311.550000000047,1.0,5600.0,Long,Backtesting
64,475138.1499999997,2006-07-13 20:00:00,1247.26,2006-07-14 15:00:00,1241.0137,StopLoss,14.0,0,-6260.300000000047,1.0,5600.0,Long,Backtesting
65,468911.5999999996,2006-07-17 22:00:00,1240.51,2006-07-18 17:00:00,1234.29745,StopLoss,14.0,0,-6226.550000000047,1.0,5600.0,Long,Backtesting
66,462588.7999999996,2006-07-20 18:00:00,1259.76,2006-07-20 20:00:00,1253.4512,StopLoss,14.0,0,-6322.800000000047,1.0,5600.0,Long,Backtesting
67,456155.99999999977,2006-07-31 07:00:00,1281.76,2006-08-01 13:00:00,1275.3412,StopLoss,14.0,0,-6432.799999999814,1.0,5600.0,Long,Backtesting
68,462871.99999999977,2006-08-01 14:00:00,1271.51,2006-08-02 06:00:00,1278.24,ExitLong,14.0,-0.0009909477707606973,6716.0,1.0,5600.0,Long,Backtesting
69,470087.99999999977,2006-08-04 18:00:00,1278.51,2006-08-04 20:00:00,1285.74,ExitLong,14.0,-0.0003989018466808991,7216.0,1.0,5600.0,Long,Backtesting
70,463653.9499999997,2006-08-07 06:00:00,1282.01,2006-08-08 18:00:00,1275.58995,StopLoss,14.0,0,-6434.050000000047,1.0,5600.0,Long,Backtesting
71,475119.9499999997,2006-08-14 19:00:00,1272.26,2006-08-15 12:00:00,1283.74,ExitLong,14.0,-0.0011868643201861095,11466.0,1.0,5600.0,Long,Backtesting
72,468572.1499999997,2006-08-21 01:00:00,1304.76,2006-08-22 17:00:00,1298.2262,StopLoss,14.0,0,-6547.800000000047,1.0,5600.0,Long,Backtesting
73,475788.1499999997,2006-08-23 18:00:00,1292.26,2006-08-24 12:00:00,1299.49,ExitLong,14.0,-0.00058811694241101,7216.0,1.0,5600.0,Long,Backtesting
74,469199.09999999986,2006-09-05 08:00:00,1313.01,2006-09-06 14:00:00,1306.43495,StopLoss,14.0,0,-6589.049999999814,1.0,5600.0,Long,Backtesting
75,476415.09999999986,2006-09-06 15:00:00,1305.01,2006-09-07 17:00:00,1312.24,ExitLong,14.0,-0.004796898108060499,7216.0,1.0,5600.0,Long,Backtesting
76,469731.0499999998,2006-09-18 12:00:00,1332.01,2006-09-19 15:00:00,1325.33995,StopLoss,14.0,0,-6684.050000000047,1.0,5600.0,Long,Backtesting
77,476447.0499999998,2006-09-19 16:00:00,1324.76,2006-09-19 20:00:00,1331.49,ExitLong,14.0,-0.001517255955795771,6716.0,1.0,5600.0,Long,Backtesting
78,469697.99999999977,2006-09-27 18:00:00,1345.01,2006-10-03 07:00:00,1338.27495,StopLoss,14.0,0,-6749.050000000047,1.0,5600.0,Long,Backtesting
79,476663.99999999977,2006-10-03 22:00:00,1342.51,2006-10-04 15:00:00,1349.49,ExitLong,14.0,-0.002055850608189136,6966.0,1.0,5600.0,Long,Backtesting
80,469837.4499999997,2006-10-05 23:00:00,1360.51,2006-10-06 13:00:00,1353.69745,StopLoss,14.0,0,-6826.550000000047,1.0,5600.0,Long,Backtesting
81,463015.8999999997,2006-10-10 23:00:00,1359.51,2006-10-11 18:00:00,1352.70245,StopLoss,14.0,0,-6821.550000000047,1.0,5600.0,Long,Backtesting
82,456121.8499999996,2006-10-17 03:00:00,1374.01,2006-10-17 14:00:00,1367.12995,StopLoss,14.0,0,-6894.050000000047,1.0,5600.0,Long,Backtesting
83,463087.8499999996,2006-10-17 15:00:00,1364.51,2006-10-17 19:00:00,1371.49,ExitLong,14.0,-0.00037376054407811665,6966.0,1.0,5600.0,Long,Backtesting
84,470303.8499999996,2006-10-20 12:00:00,1372.76,2006-10-23 14:00:00,1379.99,ExitLong,14.0,-0.002192662956379876,7216.0,1.0,5600.0,Long,Backtesting
85,477269.8499999996,2006-10-24 08:00:00,1378.26,2006-10-25 09:00:00,1385.24,ExitLong,14.0,-0.00018864365214110723,6966.0,1.0,5600.0,Long,Backtesting
86,484735.8499999996,2006-10-25 13:00:00,1384.01,2006-10-26 07:00:00,1391.49,ExitLong,14.0,-0.0019942052441817015,7466.0,1.0,5600.0,Long,Backtesting
87,477756.7999999996,2006-10-27 03:00:00,1391.01,2006-10-27 18:00:00,1384.04495,StopLoss,14.0,0,-6979.050000000047,1.0,5600.0,Long,Backtesting
88,470846.49999999977,2006-11-01 17:00:00,1377.26,2006-11-02 13:00:00,1370.3637,StopLoss,14.0,0,-6910.299999999814,1.0,5600.0,Long,Backtesting
89,479312.49999999977,2006-11-03 17:00:00,1367.51,2006-11-06 14:00:00,1375.99,ExitLong,14.0,-0.0014698247179180113,8466.0,1.0,5600.0,Long,Backtesting
90,472332.1999999997,2006-11-09 02:00:00,1391.26,2006-11-09 19:00:00,1384.2937,StopLoss,14.0,0,-6980.300000000047,1.0,5600.0,Long,Backtesting
91,482298.1999999997,2006-11-15 12:00:00,1396.76,2006-11-16 13:00:00,1406.74,ExitLong,14.0,-0.0003651307311205443,9966.0,1.0,5600.0,Long,Backtesting
92,475261.6499999999,2006-11-16 22:00:00,1402.51,2006-11-27 15:00:00,1395.48745,StopLoss,14.0,0,-7036.549999999814,1.0,5600.0,Long,Backtesting
93,468292.59999999986,2006-11-27 16:00:00,1389.01,2006-11-28 13:00:00,1382.05495,StopLoss,14.0,0,-6969.050000000047,1.0,5600.0,Long,Backtesting
94,475508.59999999986,2006-12-07 22:00:00,1420.26,2006-12-11 16:00:00,1427.49,ExitLong,14.0,-0.002823426696520359,7216.0,1.0,5600.0,Long,Backtesting
95,483974.59999999986,2006-12-14 10:00:00,1426.26,2006-12-14 14:00:00,1434.74,ExitLong,14.0,-0.0012339966065093577,8466.0,1.0,5600.0,Long,Backtesting
96,476758.0499999998,2006-12-20 12:00:00,1438.51,2006-12-21 17:00:00,1431.30745,StopLoss,14.0,0,-7216.550000000047,1.0,5600.0,Long,Backtesting
97,469571.49999999977,2006-12-27 13:00:00,1432.51,2007-01-03 19:00:00,1425.33745,StopLoss,14.0,0,-7186.550000000047,1.0,5600.0,Long,Backtesting
98,462426.1999999997,2007-01-04 06:00:00,1424.26,2007-01-04 15:00:00,1417.1287,StopLoss,14.0,0,-7145.300000000047,1.0,5600.0,Long,Backtesting
99,472642.1999999997,2007-01-10 07:00:00,1416.01,2007-01-10 21:00:00,1426.24,ExitLong,14.0,-0.0026553484791773663,10216.0,1.0,5600.0,Long,Backtesting
100,465431.8999999997,2007-01-17 20:00:00,1437.26,2007-01-22 15:00:00,1430.0637,StopLoss,14.0,0,-7210.300000000047,1.0,5600.0,Long,Backtesting
101,473897.8999999997,2007-01-22 16:00:00,1428.26,2007-01-23 17:00:00,1436.74,ExitLong,14.0,-0.0010572304762438423,8466.0,1.0,5600.0,Long,Backtesting
102,466686.3499999996,2007-01-25 17:00:00,1437.51,2007-01-25 19:00:00,1430.31245,StopLoss,14.0,0,-7211.550000000047,1.0,5600.0,Long,Backtesting
103,459512.2999999996,2007-01-25 20:00:00,1430.01,2007-01-26 15:00:00,1422.84995,StopLoss,14.0,0,-7174.050000000047,1.0,5600.0,Long,Backtesting
104,472478.2999999996,2007-01-31 09:00:00,1430.51,2007-01-31 19:00:00,1443.49,ExitLong,14.0,-0.0010555675947738763,12966.0,1.0,5600.0,Long,Backtesting
105,465202.99999999977,2007-02-06 15:00:00,1450.26,2007-02-09 18:00:00,1442.9987,StopLoss,14.0,0,-7275.299999999814,1.0,5600.0,Long,Backtesting
106,472668.99999999977,2007-02-16 01:00:00,1456.01,2007-02-22 14:00:00,1463.49,ExitLong,14.0,-0.002582399846154937,7466.0,1.0,5600.0,Long,Backtesting
107,465364.9499999997,2007-02-26 15:00:00,1456.01,2007-02-26 17:00:00,1448.71995,StopLoss,14.0,0,-7304.050000000047,1.0,5600.0,Long,Backtesting
108,458160.8999999997,2007-02-27 14:00:00,1436.01,2007-02-27 17:00:00,1428.81995,StopLoss,14.0,0,-7204.050000000047,1.0,5600.0,Long,Backtesting
109,451018.0999999996,2007-02-27 18:00:00,1423.76,2007-02-27 19:00:00,1416.6312,StopLoss,14.0,0,-7142.800000000047,1.0,5600.0,Long,Backtesting
110,458484.0999999996,2007-03-09 19:00:00,1413.76,2007-03-12 08:00:00,1421.24,ExitLong,14.0,-0.0026595744680850686,7466.0,1.0,5600.0,Long,Backtesting
111,467700.0999999996,2007-03-12 12:00:00,1412.51,2007-03-12 18:00:00,1421.74,ExitLong,14.0,-0.0010690189803965744,9216.0,1.0,5600.0,Long,Backtesting
112,460724.7999999996,2007-03-13 19:00:00,1390.26,2007-03-14 16:00:00,1383.2987,StopLoss,14.0,0,-6975.300000000047,1.0,5600.0,Long,Backtesting
113,468940.7999999996,2007-03-20 10:00:00,1413.26,2007-03-20 16:00:00,1421.49,ExitLong,14.0,-0.0005377637518927392,8216.0,1.0,5600.0,Long,Backtesting
114,461696.74999999977,2007-03-21 21:00:00,1444.01,2007-03-26 14:00:00,1436.77995,StopLoss,14.0,0,-7244.049999999814,1.0,5600.0,Long,Backtesting
115,469162.74999999977,2007-03-28 14:00:00,1429.76,2007-03-29 12:00:00,1437.24,ExitLong,14.0,-0.00385379364368843,7466.0,1.0,5600.0,Long,Backtesting
116,477378.74999999977,2007-04-02 17:00:00,1430.76,2007-04-03 06:00:00,1438.99,ExitLong,14.0,-0.0015795800833123819,8216.0,1.0,5600.0,Long,Backtesting
117,470080.9499999997,2007-04-09 14:00:00,1454.76,2007-04-11 14:00:00,1447.4762,StopLoss,14.0,0,-7297.800000000047,1.0,5600.0,Long,Backtesting
118,477796.9499999997,2007-04-13 05:00:00,1453.76,2007-04-13 20:00:00,1461.49,ExitLong,14.0,-0.0010386858903808083,7716.0,1.0,5600.0,Long,Backtesting
119,470382.8999999997,2007-04-19 01:00:00,1478.01,2007-04-19 07:00:00,1470.60995,StopLoss,14.0,0,-7414.050000000047,1.0,5600.0,Long,Backtesting
120,478098.8999999997,2007-04-30 20:00:00,1488.26,2007-05-02 07:00:00,1495.99,ExitLong,14.0,-0.004038272882426419,7716.0,1.0,5600.0,Long,Backtesting
121,485814.8999999997,2007-05-02 12:00:00,1494.26,2007-05-02 14:00:00,1501.99,ExitLong,14.0,-0.001010533642070266,7716.0,1.0,5600.0,Long,Backtesting
122,493530.8999999997,2007-05-02 21:00:00,1500.76,2007-05-04 07:00:00,1508.49,ExitLong,14.0,-0.0013393214104853168,7716.0,1.0,5600.0,Long,Backtesting
123,485955.5999999996,2007-05-09 11:00:00,1510.26,2007-05-10 16:00:00,1502.6987,StopLoss,14.0,0,-7575.300000000047,1.0,5600.0,Long,Backtesting
124,478374.0499999996,2007-05-14 10:00:00,1511.51,2007-05-14 18:00:00,1503.94245,StopLoss,14.0,0,-7581.550000000047,1.0,5600.0,Long,Backtesting
125,487340.0499999996,2007-05-15 19:00:00,1505.76,2007-05-16 18:00:00,1514.74,ExitLong,14.0,-0.0006707576240569946,8966.0,1.0,5600.0,Long,Backtesting
126,498306.0499999996,2007-05-18 03:00:00,1514.76,2007-05-18 16:00:00,1525.74,ExitLong,14.0,-0.0006667722939607268,10966.0,1.0,5600.0,Long,Backtesting
127,510522.0499999996,2007-05-28 09:00:00,1516.51,2007-05-30 18:00:00,1528.74,ExitLong,14.0,-0.0026442291841135557,12216.0,1.0,5600.0,Long,Backtesting
128,502811.74999999953,2007-06-05 11:00:00,1537.26,2007-06-05 16:00:00,1529.5637,StopLoss,14.0,0,-7710.300000000047,1.0,5600.0,Long,Backtesting
129,495156.4499999995,2007-06-06 10:00:00,1526.26,2007-06-06 14:00:00,1518.6187,StopLoss,14.0,0,-7655.300000000047,1.0,5600.0,Long,Backtesting
130,512122.4499999995,2007-06-06 16:00:00,1518.01,2007-06-07 04:00:00,1534.99,ExitLong,14.0,-0.001982859137950377,16966.0,1.0,5600.0,Long,Backtesting
131,504484.64999999944,2007-06-12 02:00:00,1522.76,2007-06-12 14:00:00,1515.1362,StopLoss,14.0,0,-7637.800000000047,1.0,5600.0,Long,Backtesting
132,496825.5999999994,2007-06-20 19:00:00,1527.01,2007-06-21 14:00:00,1519.36495,StopLoss,14.0,0,-7659.050000000047,1.0,5600.0,Long,Backtesting
133,489134.0499999996,2007-06-22 06:00:00,1533.51,2007-06-22 14:00:00,1525.83245,StopLoss,14.0,0,-7691.549999999814,1.0,5600.0,Long,Backtesting
134,481514.99999999977,2007-06-22 16:00:00,1519.01,2007-06-25 13:00:00,1511.40495,StopLoss,14.0,0,-7619.049999999814,1.0,5600.0,Long,Backtesting
135,473960.9499999997,2007-06-26 19:00:00,1506.01,2007-06-26 20:00:00,1498.46995,StopLoss,14.0,0,-7554.050000000047,1.0,5600.0,Long,Backtesting
136,482426.9499999997,2007-06-28 21:00:00,1517.76,2007-06-29 13:00:00,1526.24,ExitLong,14.0,-0.003795066413662229,8466.0,1.0,5600.0,Long,Backtesting
137,491392.9499999997,2007-07-06 12:00:00,1535.01,2007-07-09 02:00:00,1543.99,ExitLong,14.0,-0.002449495443026417,8966.0,1.0,5600.0,Long,Backtesting
138,499108.9499999997,2007-07-10 19:00:00,1521.26,2007-07-11 19:00:00,1528.99,ExitLong,14.0,-0.003950672468874483,7716.0,1.0,5600.0,Long,Backtesting
139,507074.9499999997,2007-07-17 22:00:00,1549.76,2007-07-18 22:00:00,1557.74,ExitLong,14.0,-0.004684596324592172,7966.0,1.0,5600.0,Long,Backtesting
140,516540.9499999997,2007-07-20 16:00:00,1538.51,2007-07-20 18:00:00,1547.99,ExitLong,14.0,-0.0008189742023125834,9466.0,1.0,5600.0,Long,Backtesting
141,508785.6499999999,2007-07-24 11:00:00,1546.26,2007-07-24 13:00:00,1538.5187,StopLoss,14.0,0,-7755.299999999814,1.0,5600.0,Long,Backtesting
142,525251.6499999999,2007-07-26 18:00:00,1477.51,2007-07-26 19:00:00,1493.99,ExitLong,14.0,-0.004406061549498852,16466.0,1.0,5600.0,Long,Backtesting
143,532967.6499999999,2007-08-06 23:00:00,1468.01,2007-08-07 16:00:00,1475.74,ExitLong,14.0,-0.004604873263806097,7716.0,1.0,5600.0,Long,Backtesting
144,540683.6499999999,2007-08-08 00:00:00,1483.01,2007-08-08 11:00:00,1490.74,ExitLong,14.0,-0.0005124712577797563,7716.0,1.0,5600.0,Long,Backtesting
145,533160.8499999999,2007-08-09 06:00:00,1499.76,2007-08-09 08:00:00,1492.2512,StopLoss,14.0,0,-7522.800000000047,1.0,5600.0,Long,Backtesting
146,525689.2999999998,2007-08-09 09:00:00,1489.51,2007-08-09 12:00:00,1482.05245,StopLoss,14.0,0,-7471.550000000047,1.0,5600.0,Long,Backtesting
147,518500.24999999977,2007-08-14 20:00:00,1433.01,2007-08-15 03:00:00,1425.83495,StopLoss,14.0,0,-7189.050000000047,1.0,5600.0,Long,Backtesting
148,527716.2499999998,2007-08-16 11:00:00,1394.26,2007-08-16 12:00:00,1403.49,ExitLong,14.0,-0.0012623183624288492,9216.0,1.0,5600.0,Long,Backtesting
149,545932.2499999998,2007-08-16 16:00:00,1377.76,2007-08-16 17:00:00,1395.99,ExitLong,14.0,-0.0023661595633491794,18216.0,1.0,5600.0,Long,Backtesting
150,538803.2,2007-08-17 04:00:00,1421.01,2007-08-17 05:00:00,1413.89495,StopLoss,14.0,0,-7129.049999999814,1.0,5600.0,Long,Backtesting
151,531744.1499999999,2007-08-17 06:00:00,1407.01,2007-08-17 07:00:00,1399.96495,StopLoss,14.0,0,-7059.050000000047,1.0,5600.0,Long,Backtesting
152,524376.3499999999,2007-08-23 13:00:00,1468.76,2007-08-23 15:00:00,1461.4062,StopLoss,14.0,0,-7367.800000000047,1.0,5600.0,Long,Backtesting
153,535842.3499999999,2007-09-04 07:00:00,1469.51,2007-09-04 13:00:00,1480.99,ExitLong,14.0,-0.000687303931242389,11466.0,1.0,5600.0,Long,Backtesting
154,528392.0499999998,2007-09-05 03:00:00,1485.26,2007-09-05 11:00:00,1477.8237,StopLoss,14.0,0,-7450.300000000047,1.0,5600.0,Long,Backtesting
155,520895.49999999977,2007-09-13 21:00:00,1494.51,2007-09-14 12:00:00,1487.02745,StopLoss,14.0,0,-7496.550000000047,1.0,5600.0,Long,Backtesting
156,513402.6999999997,2007-09-17 01:00:00,1493.76,2007-09-17 09:00:00,1486.2812,StopLoss,14.0,0,-7492.800000000047,1.0,5600.0,Long,Backtesting
157,521868.6999999997,2007-09-20 19:00:00,1531.26,2007-09-21 11:00:00,1539.74,ExitLong,14.0,-0.0018024372085733154,8466.0,1.0,5600.0,Long,Backtesting
158,514178.3999999997,2007-09-21 20:00:00,1533.26,2007-09-25 07:00:00,1525.5837,StopLoss,14.0,0,-7690.300000000047,1.0,5600.0,Long,Backtesting
159,526894.3999999997,2007-09-28 08:00:00,1540.26,2007-10-01 15:00:00,1552.99,ExitLong,14.0,-0.004713489930271542,12716.0,1.0,5600.0,Long,Backtesting
160,536860.3999999997,2007-10-08 15:00:00,1561.76,2007-10-09 18:00:00,1571.74,ExitLong,14.0,-0.001287009527712324,9966.0,1.0,5600.0,Long,Backtesting
161,545076.3999999997,2007-10-10 14:00:00,1569.01,2007-10-11 05:00:00,1577.24,ExitLong,14.0,-0.0023964155741518223,8216.0,1.0,5600.0,Long,Backtesting
162,554542.3999999997,2007-10-11 20:00:00,1565.01,2007-10-12 20:00:00,1574.49,ExitLong,14.0,-0.0038402310528367067,9466.0,1.0,5600.0,Long,Backtesting
163,546737.0999999996,2007-10-15 16:00:00,1556.26,2007-10-16 14:00:00,1548.4687,StopLoss,14.0,0,-7805.300000000047,1.0,5600.0,Long,Backtesting
164,539003.0499999998,2007-10-19 02:00:00,1542.01,2007-10-19 14:00:00,1534.28995,StopLoss,14.0,0,-7734.049999999814,1.0,5600.0,Long,Backtesting
165,531471.4999999998,2007-10-21 22:00:00,1501.51,2007-10-22 00:00:00,1493.99245,StopLoss,14.0,0,-7531.550000000047,1.0,5600.0,Long,Backtesting
166,542937.4999999998,2007-10-22 01:00:00,1493.26,2007-10-22 13:00:00,1504.74,ExitLong,14.0,-0.0005089535646839449,11466.0,1.0,5600.0,Long,Backtesting
167,535439.6999999997,2007-11-07 19:00:00,1494.76,2007-11-07 20:00:00,1487.2762,StopLoss,14.0,0,-7497.800000000047,1.0,5600.0,Long,Backtesting
168,528038.1499999999,2007-11-07 21:00:00,1475.51,2007-11-07 22:00:00,1468.12245,StopLoss,14.0,0,-7401.549999999814,1.0,5600.0,Long,Backtesting
169,520707.84999999986,2007-11-09 11:00:00,1461.26,2007-11-09 16:00:00,1453.9437,StopLoss,14.0,0,-7330.300000000047,1.0,5600.0,Long,Backtesting
170,513296.30000000005,2007-11-15 01:00:00,1477.51,2007-11-15 10:00:00,1470.11245,StopLoss,14.0,0,-7411.549999999814,1.0,5600.0,Long,Backtesting
171,505984.75,2007-11-19 05:00:00,1457.51,2007-11-19 11:00:00,1450.21245,StopLoss,14.0,0,-7311.550000000047,1.0,5600.0,Long,Backtesting
172,498496.94999999995,2007-12-14 11:00:00,1492.76,2007-12-14 19:00:00,1485.2862,StopLoss,14.0,0,-7487.800000000047,1.0,5600.0,Long,Backtesting
173,491084.1499999999,2007-12-14 21:00:00,1477.76,2007-12-17 06:00:00,1470.3612,StopLoss,14.0,0,-7412.800000000047,1.0,5600.0,Long,Backtesting
174,483593.84999999986,2007-12-27 17:00:00,1493.26,2007-12-27 20:00:00,1485.7837,StopLoss,14.0,0,-7490.300000000047,1.0,5600.0,Long,Backtesting
175,476192.30000000005,2007-12-31 16:00:00,1475.51,2008-01-02 15:00:00,1468.12245,StopLoss,14.0,0,-7401.549999999814,1.0,5600.0,Long,Backtesting
176,468869.5,2008-01-02 16:00:00,1459.76,2008-01-02 18:00:00,1452.4512,StopLoss,14.0,0,-7322.800000000047,1.0,5600.0,Long,Backtesting
177,461566.69999999995,2008-01-03 11:00:00,1455.76,2008-01-04 13:00:00,1448.4712,StopLoss,14.0,0,-7302.800000000047,1.0,5600.0,Long,Backtesting
178,454401.3999999999,2008-01-04 15:00:00,1428.26,2008-01-04 19:00:00,1421.1087,StopLoss,14.0,0,-7165.300000000047,1.0,5600.0,Long,Backtesting
179,447301.09999999986,2008-01-11 03:00:00,1415.26,2008-01-11 11:00:00,1408.1737,StopLoss,14.0,0,-7100.300000000047,1.0,5600.0,Long,Backtesting
180,440200.7999999998,2008-01-15 04:00:00,1415.26,2008-01-15 12:00:00,1408.1737,StopLoss,14.0,0,-7100.300000000047,1.0,5600.0,Long,Backtesting
181,449166.7999999998,2008-01-17 12:00:00,1374.76,2008-01-17 13:00:00,1383.74,ExitLong,14.0,-0.004189822223515383,8966.0,1.0,5600.0,Long,Backtesting
182,442682.75,2008-01-21 08:00:00,1292.01,2008-01-21 10:00:00,1285.53995,StopLoss,14.0,0,-6484.049999999814,1.0,5600.0,Long,Backtesting
183,436236.19999999995,2008-01-23 12:00:00,1284.51,2008-01-23 13:00:00,1278.07745,StopLoss,14.0,0,-6446.550000000047,1.0,5600.0,Long,Backtesting
184,443452.19999999995,2008-01-30 06:00:00,1355.51,2008-01-30 15:00:00,1362.74,ExitLong,14.0,-0.0018517015735775022,7216.0,1.0,5600.0,Long,Backtesting
185,436524.3999999999,2008-02-04 20:00:00,1380.76,2008-02-05 12:00:00,1373.8462,StopLoss,14.0,0,-6927.800000000047,1.0,5600.0,Long,Backtesting
186,443240.3999999999,2008-02-08 13:00:00,1331.26,2008-02-08 15:00:00,1337.99,ExitLong,14.0,-0.0030121839460360844,6716.0,1.0,5600.0,Long,Backtesting
187,450956.3999999999,2008-02-11 03:00:00,1324.26,2008-02-11 10:00:00,1331.99,ExitLong,14.0,-0.002461752223883562,7716.0,1.0,5600.0,Long,Backtesting
188,444153.59999999986,2008-02-14 18:00:00,1355.76,2008-02-14 19:00:00,1348.9712,StopLoss,14.0,0,-6802.800000000047,1.0,5600.0,Long,Backtesting
189,451619.59999999986,2008-02-14 20:00:00,1349.01,2008-02-15 08:00:00,1356.49,ExitLong,14.0,-0.0016753026293355733,7466.0,1.0,5600.0,Long,Backtesting
190,460585.59999999986,2008-02-15 13:00:00,1341.26,2008-02-15 20:00:00,1350.24,ExitLong,14.0,-0.0031761179786171656,8966.0,1.0,5600.0,Long,Backtesting
191,475551.59999999986,2008-02-25 14:00:00,1348.01,2008-02-25 15:00:00,1362.99,ExitLong,14.0,-0.001305628296526029,14966.0,1.0,5600.0,Long,Backtesting
192,468872.5499999998,2008-03-06 08:00:00,1331.01,2008-03-06 13:00:00,1324.34495,StopLoss,14.0,0,-6679.050000000047,1.0,5600.0,Long,Backtesting
193,462259.74999999977,2008-03-06 16:00:00,1317.76,2008-03-06 20:00:00,1311.1612,StopLoss,14.0,0,-6612.800000000047,1.0,5600.0,Long,Backtesting
194,468725.74999999977,2008-03-10 21:00:00,1273.51,2008-03-11 01:00:00,1279.99,ExitLong,14.0,-0.00020416015578994529,6466.0,1.0,5600.0,Long,Backtesting
195,461964.1999999997,2008-03-26 00:00:00,1347.51,2008-03-26 14:00:00,1340.76245,StopLoss,14.0,0,-6761.550000000047,1.0,5600.0,Long,Backtesting
196,469180.1999999997,2008-04-08 02:00:00,1367.01,2008-04-08 23:00:00,1374.24,ExitLong,14.0,-0.0034820520698458646,7216.0,1.0,5600.0,Long,Backtesting
197,462316.1499999997,2008-04-09 04:00:00,1368.01,2008-04-09 14:00:00,1361.15995,StopLoss,14.0,0,-6864.050000000047,1.0,5600.0,Long,Backtesting
198,455464.5999999996,2008-04-17 07:00:00,1365.51,2008-04-17 15:00:00,1358.67245,StopLoss,14.0,0,-6851.550000000047,1.0,5600.0,Long,Backtesting
199,465930.5999999996,2008-04-18 01:00:00,1372.26,2008-04-18 10:00:00,1382.74,ExitLong,14.0,-0.001646918222494298,10466.0,1.0,5600.0,Long,Backtesting
200,473646.5999999996,2008-04-24 10:00:00,1369.51,2008-04-24 12:00:00,1377.24,ExitLong,14.0,-0.0011025841359317834,7716.0,1.0,5600.0,Long,Backtesting
201,486362.5999999996,2008-04-25 16:00:00,1386.51,2008-04-25 19:00:00,1399.24,ExitLong,14.0,-0.0016299918500407573,12716.0,1.0,5600.0,Long,Backtesting
202,479376.0499999996,2008-04-30 07:00:00,1392.51,2008-04-30 19:00:00,1385.53745,StopLoss,14.0,0,-6986.550000000047,1.0,5600.0,Long,Backtesting
203,472323.24999999953,2008-05-06 10:00:00,1405.76,2008-05-06 13:00:00,1398.7212,StopLoss,14.0,0,-7052.800000000047,1.0,5600.0,Long,Backtesting
204,465219.1999999995,2008-05-07 05:00:00,1416.01,2008-05-07 17:00:00,1408.91995,StopLoss,14.0,0,-7104.050000000047,1.0,5600.0,Long,Backtesting
205,458060.14999999944,2008-05-19 19:00:00,1427.01,2008-05-20 12:00:00,1419.86495,StopLoss,14.0,0,-7159.050000000047,1.0,5600.0,Long,Backtesting
206,465526.14999999944,2008-05-22 11:00:00,1390.76,2008-05-22 17:00:00,1398.24,ExitLong,14.0,-0.00036670597371224467,7466.0,1.0,5600.0,Long,Backtesting
207,458564.5999999994,2008-05-23 08:00:00,1387.51,2008-05-23 14:00:00,1380.56245,StopLoss,14.0,0,-6961.550000000047,1.0,5600.0,Long,Backtesting
208,469780.5999999994,2008-05-23 16:00:00,1373.76,2008-05-27 18:00:00,1384.99,ExitLong,14.0,-0.00237304914977865,11216.0,1.0,5600.0,Long,Backtesting
209,462762.79999999935,2008-05-29 20:00:00,1398.76,2008-06-02 08:00:00,1391.7562,StopLoss,14.0,0,-7017.800000000047,1.0,5600.0,Long,Backtesting
210,455818.7499999993,2008-06-06 14:00:00,1384.01,2008-06-06 15:00:00,1377.07995,StopLoss,14.0,0,-6944.050000000047,1.0,5600.0,Long,Backtesting
211,448900.94999999925,2008-06-06 16:00:00,1378.76,2008-06-06 18:00:00,1371.8562,StopLoss,14.0,0,-6917.800000000047,1.0,5600.0,Long,Backtesting
212,456116.94999999925,2008-06-06 19:00:00,1360.51,2008-06-09 16:00:00,1367.74,ExitLong,14.0,-0.002212405642001869,7216.0,1.0,5600.0,Long,Backtesting
213,449335.3999999992,2008-06-17 22:00:00,1351.51,2008-06-18 11:00:00,1344.74245,StopLoss,14.0,0,-6781.550000000047,1.0,5600.0,Long,Backtesting
214,442751.34999999916,2008-06-24 09:00:00,1312.01,2008-06-24 14:00:00,1305.43995,StopLoss,14.0,0,-6584.050000000047,1.0,5600.0,Long,Backtesting
215,450967.34999999916,2008-07-07 17:00:00,1245.01,2008-07-07 19:00:00,1253.24,ExitLong,14.0,-0.0034216592637810184,8216.0,1.0,5600.0,Long,Backtesting
216,444712.04999999935,2008-07-08 02:00:00,1246.26,2008-07-08 07:00:00,1240.0187,StopLoss,14.0,0,-6255.299999999814,1.0,5600.0,Long,Backtesting
217,453928.04999999935,2008-07-09 19:00:00,1246.26,2008-07-10 11:00:00,1255.49,ExitLong,14.0,-0.001412225378331966,9216.0,1.0,5600.0,Long,Backtesting
218,447855.2499999993,2008-07-16 09:00:00,1209.76,2008-07-16 10:00:00,1203.7012,StopLoss,14.0,0,-6072.800000000047,1.0,5600.0,Long,Backtesting
219,441431.19999999925,2008-07-23 12:00:00,1280.01,2008-07-24 14:00:00,1273.59995,StopLoss,14.0,0,-6424.050000000047,1.0,5600.0,Long,Backtesting
220,435070.8999999992,2008-07-24 16:00:00,1267.26,2008-07-24 18:00:00,1260.9137,StopLoss,14.0,0,-6360.300000000047,1.0,5600.0,Long,Backtesting
221,442786.8999999992,2008-07-24 19:00:00,1253.51,2008-07-25 14:00:00,1261.24,ExitLong,14.0,-0.003398457132372301,7716.0,1.0,5600.0,Long,Backtesting
222,436350.34999999916,2008-07-31 02:00:00,1282.51,2008-07-31 12:00:00,1276.08745,StopLoss,14.0,0,-6436.550000000047,1.0,5600.0,Long,Backtesting
223,430033.79999999935,2008-08-04 02:00:00,1258.51,2008-08-04 13:00:00,1252.20745,StopLoss,14.0,0,-6316.549999999814,1.0,5600.0,Long,Backtesting
224,423593.4999999993,2008-08-06 23:00:00,1283.26,2008-08-07 13:00:00,1276.8337,StopLoss,14.0,0,-6440.300000000047,1.0,5600.0,Long,Backtesting
225,435059.4999999993,2008-08-13 15:00:00,1276.51,2008-08-13 17:00:00,1287.99,ExitLong,14.0,-0.001574605761020309,11466.0,1.0,5600.0,Long,Backtesting
226,428640.44999999925,2008-08-18 18:00:00,1279.01,2008-08-19 12:00:00,1272.60495,StopLoss,14.0,0,-6419.050000000047,1.0,5600.0,Long,Backtesting
227,439606.44999999925,2008-08-20 13:00:00,1264.01,2008-08-20 14:00:00,1274.99,ExitLong,14.0,-0.0027768767652154303,10966.0,1.0,5600.0,Long,Backtesting
228,446072.44999999925,2008-08-25 16:00:00,1268.26,2008-08-27 12:00:00,1274.74,ExitLong,14.0,-0.00454165549650698,6466.0,1.0,5600.0,Long,Backtesting
229,439565.8999999992,2008-08-28 23:00:00,1296.51,2008-08-29 14:00:00,1290.01745,StopLoss,14.0,0,-6506.550000000047,1.0,5600.0,Long,Backtesting
230,433141.84999999916,2008-09-02 17:00:00,1280.01,2008-09-02 18:00:00,1273.59995,StopLoss,14.0,0,-6424.050000000047,1.0,5600.0,Long,Backtesting
231,426769.0499999991,2008-09-04 09:00:00,1269.76,2008-09-04 13:00:00,1263.4012,StopLoss,14.0,0,-6372.800000000047,1.0,5600.0,Long,Backtesting
232,420477.49999999907,2008-09-04 14:00:00,1253.51,2008-09-04 16:00:00,1247.23245,StopLoss,14.0,0,-6291.550000000047,1.0,5600.0,Long,Backtesting
233,414232.19999999925,2008-09-04 17:00:00,1244.26,2008-09-04 18:00:00,1238.0287,StopLoss,14.0,0,-6245.299999999814,1.0,5600.0,Long,Backtesting
234,408023.1499999992,2008-09-04 19:00:00,1237.01,2008-09-04 22:00:00,1230.81495,StopLoss,14.0,0,-6209.050000000047,1.0,5600.0,Long,Backtesting
235,416239.1499999992,2008-09-09 04:00:00,1263.01,2008-09-09 08:00:00,1271.24,ExitLong,14.0,-0.001195556646424012,8216.0,1.0,5600.0,Long,Backtesting
236,426205.1499999992,2008-09-12 13:00:00,1240.01,2008-09-12 15:00:00,1249.99,ExitLong,14.0,-0.0044435125523181185,9966.0,1.0,5600.0,Long,Backtesting
237,420299.84999999916,2008-09-17 15:00:00,1176.26,2008-09-17 16:00:00,1170.3687,StopLoss,14.0,0,-5905.300000000047,1.0,5600.0,Long,Backtesting
238,414272.0499999991,2008-09-29 04:00:00,1200.76,2008-09-29 07:00:00,1194.7462,StopLoss,14.0,0,-6027.800000000047,1.0,5600.0,Long,Backtesting
239,408291.74999999907,2008-09-29 08:00:00,1191.26,2008-09-29 13:00:00,1185.2937,StopLoss,14.0,0,-5980.300000000047,1.0,5600.0,Long,Backtesting
240,402581.449999999,2008-09-29 18:00:00,1137.26,2008-09-29 19:00:00,1131.5637,StopLoss,14.0,0,-5710.300000000047,1.0,5600.0,Long,Backtesting
241,408547.449999999,2008-09-29 20:00:00,1115.26,2008-09-29 22:00:00,1121.24,ExitLong,14.0,-0.0029230851998637286,5966.0,1.0,5600.0,Long,Backtesting
242,403855.899999999,2008-10-13 11:00:00,933.51,2008-10-13 12:00:00,928.83245,StopLoss,14.0,0,-4691.550000000047,1.0,5600.0,Long,Backtesting
243,408821.899999999,2008-10-15 14:00:00,953.26,2008-10-15 15:00:00,958.24,ExitLong,14.0,-0.002895327612613574,4966.0,1.0,5600.0,Long,Backtesting
244,423037.899999999,2008-10-17 09:00:00,910.01,2008-10-17 10:00:00,924.24,ExitLong,14.0,-0.0022087669366270823,14216.0,1.0,5600.0,Long,Backtesting
245,434003.899999999,2008-10-22 05:00:00,944.76,2008-10-22 07:00:00,955.74,ExitLong,14.0,-0.007684491299377649,10966.0,1.0,5600.0,Long,Backtesting
246,445969.899999999,2008-10-22 19:00:00,894.76,2008-10-22 20:00:00,906.74,ExitLong,14.0,-0.024878179623586183,11966.0,1.0,5600.0,Long,Backtesting
247,451685.899999999,2008-10-27 22:00:00,829.76,2008-10-27 23:00:00,835.49,ExitLong,14.0,-0.0030249710759737702,5716.0,1.0,5600.0,Long,Backtesting
248,457401.899999999,2008-11-04 01:00:00,965.01,2008-11-04 05:00:00,970.74,ExitLong,14.0,-0.0010466212785359419,5716.0,1.0,5600.0,Long,Backtesting
249,467617.899999999,2008-11-05 09:00:00,984.76,2008-11-05 11:00:00,994.99,ExitLong,14.0,-0.0035643202404647134,10216.0,1.0,5600.0,Long,Backtesting
250,463028.8499999989,2008-11-06 17:00:00,913.01,2008-11-06 18:00:00,908.43495,StopLoss,14.0,0,-4589.050000000047,1.0,5600.0,Long,Backtesting
251,458296.0499999989,2008-11-10 14:00:00,941.76,2008-11-10 15:00:00,937.0412,StopLoss,14.0,0,-4732.800000000047,1.0,5600.0,Long,Backtesting
252,453654.49999999884,2008-11-10 16:00:00,923.51,2008-11-10 17:00:00,918.88245,StopLoss,14.0,0,-4641.550000000047,1.0,5600.0,Long,Backtesting
253,467370.49999999884,2008-11-17 13:00:00,852.26,2008-11-17 14:00:00,865.99,ExitLong,14.0,-0.0017717597916129257,13716.0,1.0,5600.0,Long,Backtesting
254,473586.49999999884,2008-11-19 02:00:00,856.26,2008-11-19 05:00:00,862.49,ExitLong,14.0,-0.003223320019620224,6216.0,1.0,5600.0,Long,Backtesting
255,469401.1999999989,2008-11-19 19:00:00,832.26,2008-11-19 20:00:00,828.0887,StopLoss,14.0,0,-4185.29999999993,1.0,5600.0,Long,Backtesting
256,465197.14999999886,2008-11-26 12:00:00,836.01,2008-11-26 13:00:00,831.81995,StopLoss,14.0,0,-4204.050000000047,1.0,5600.0,Long,Backtesting
257,460803.0999999988,2008-12-01 10:00:00,874.01,2008-12-01 12:00:00,869.62995,StopLoss,14.0,0,-4394.050000000047,1.0,5600.0,Long,Backtesting
258,456562.79999999877,2008-12-03 01:00:00,843.26,2008-12-03 08:00:00,839.0337,StopLoss,14.0,0,-4240.300000000047,1.0,5600.0,Long,Backtesting
259,452377.49999999884,2008-12-05 13:00:00,832.26,2008-12-05 14:00:00,828.0887,StopLoss,14.0,0,-4185.29999999993,1.0,5600.0,Long,Backtesting
260,448220.9499999988,2008-12-05 15:00:00,826.51,2008-12-05 16:00:00,822.36745,StopLoss,14.0,0,-4156.550000000047,1.0,5600.0,Long,Backtesting
261,443905.64999999886,2008-12-11 22:00:00,858.26,2008-12-12 00:00:00,853.9587,StopLoss,14.0,0,-4315.29999999993,1.0,5600.0,Long,Backtesting
262,439372.8499999989,2008-12-17 04:00:00,901.76,2008-12-17 08:00:00,897.2412,StopLoss,14.0,0,-4532.79999999993,1.0,5600.0,Long,Backtesting
263,434890.0499999989,2008-12-18 19:00:00,891.76,2008-12-18 20:00:00,887.2912,StopLoss,14.0,0,-4482.800000000047,1.0,5600.0,Long,Backtesting
264,430534.74999999884,2008-12-26 16:00:00,866.26,2008-12-29 02:00:00,861.9187,StopLoss,14.0,0,-4355.300000000047,1.0,5600.0,Long,Backtesting
265,426178.1999999989,2008-12-29 14:00:00,866.51,2008-12-29 15:00:00,862.16745,StopLoss,14.0,0,-4356.54999999993,1.0,5600.0,Long,Backtesting
266,421857.899999999,2008-12-29 16:00:00,859.26,2008-12-29 18:00:00,854.9537,StopLoss,14.0,0,-4320.29999999993,1.0,5600.0,Long,Backtesting
267,426823.899999999,2009-01-07 15:00:00,911.76,2009-01-07 16:00:00,916.74,ExitLong,14.0,-0.0024787224708257005,4966.0,1.0,5600.0,Long,Backtesting
268,422297.3499999989,2009-01-08 07:00:00,900.51,2009-01-08 12:00:00,895.99745,StopLoss,14.0,0,-4526.550000000047,1.0,5600.0,Long,Backtesting
269,418088.2999999989,2009-01-14 15:00:00,837.01,2009-01-14 16:00:00,832.81495,StopLoss,14.0,0,-4209.050000000047,1.0,5600.0,Long,Backtesting
270,413891.74999999884,2009-01-16 16:00:00,834.51,2009-01-16 17:00:00,830.32745,StopLoss,14.0,0,-4196.550000000047,1.0,5600.0,Long,Backtesting
271,409678.9499999988,2009-01-19 15:00:00,837.76,2009-01-20 00:00:00,833.5612,StopLoss,14.0,0,-4212.800000000047,1.0,5600.0,Long,Backtesting
272,419644.9499999988,2009-02-02 09:00:00,808.26,2009-02-02 15:00:00,818.24,ExitLong,14.0,-0.0024868235468784583,9966.0,1.0,5600.0,Long,Backtesting
273,425860.9499999988,2009-02-09 04:00:00,856.26,2009-02-09 13:00:00,862.49,ExitLong,14.0,-0.004099222198864827,6216.0,1.0,5600.0,Long,Backtesting
274,421729.39999999886,2009-02-12 10:00:00,821.51,2009-02-12 14:00:00,817.39245,StopLoss,14.0,0,-4131.54999999993,1.0,5600.0,Long,Backtesting
275,417636.5999999988,2009-02-15 23:00:00,813.76,2009-02-16 16:00:00,809.6812,StopLoss,14.0,0,-4092.8000000000466,1.0,5600.0,Long,Backtesting
276,413766.29999999877,2009-02-20 08:00:00,769.26,2009-02-20 09:00:00,765.4037,StopLoss,14.0,0,-3870.3000000000466,1.0,5600.0,Long,Backtesting
277,409909.74999999884,2009-02-20 10:00:00,766.51,2009-02-20 14:00:00,762.66745,StopLoss,14.0,0,-3856.54999999993,1.0,5600.0,Long,Backtesting
278,406128.1999999988,2009-02-26 22:00:00,751.51,2009-02-27 05:00:00,747.74245,StopLoss,14.0,0,-3781.5500000000466,1.0,5600.0,Long,Backtesting
279,402470.39999999886,2009-03-01 23:00:00,726.76,2009-03-02 03:00:00,723.1162,StopLoss,14.0,0,-3657.79999999993,1.0,5600.0,Long,Backtesting
280,398965.0999999988,2009-03-05 12:00:00,696.26,2009-03-05 13:00:00,692.7687,StopLoss,14.0,0,-3505.3000000000466,1.0,5600.0,Long,Backtesting
281,403431.0999999988,2009-03-09 20:00:00,674.51,2009-03-10 01:00:00,678.99,ExitLong,14.0,-0.0018680227127840787,4466.0,1.0,5600.0,Long,Backtesting
282,399692.04999999877,2009-03-13 15:00:00,743.01,2009-03-13 16:00:00,739.28495,StopLoss,14.0,0,-3739.0500000000466,1.0,5600.0,Long,Backtesting
283,395809.24999999884,2009-03-18 01:00:00,771.76,2009-03-18 13:00:00,767.8912,StopLoss,14.0,0,-3882.79999999993,1.0,5600.0,Long,Backtesting
284,405025.24999999884,2009-03-19 01:00:00,785.51,2009-03-19 11:00:00,794.74,ExitLong,14.0,-0.0025588471184325723,9216.0,1.0,5600.0,Long,Backtesting
285,401114.9499999988,2009-03-19 22:00:00,777.26,2009-03-20 05:00:00,773.3637,StopLoss,14.0,0,-3910.3000000000466,1.0,5600.0,Long,Backtesting
286,396998.39999999886,2009-03-27 12:00:00,818.51,2009-03-27 13:00:00,814.40745,StopLoss,14.0,0,-4116.54999999993,1.0,5600.0,Long,Backtesting
287,393004.3499999988,2009-03-30 07:00:00,794.01,2009-03-30 13:00:00,790.02995,StopLoss,14.0,0,-3994.0500000000466,1.0,5600.0,Long,Backtesting
288,389066.54999999877,2009-03-30 16:00:00,782.76,2009-03-30 17:00:00,778.8362,StopLoss,14.0,0,-3937.8000000000466,1.0,5600.0,Long,Backtesting
289,395532.54999999877,2009-03-30 18:00:00,777.51,2009-03-30 19:00:00,783.99,ExitLong,14.0,-0.0025851757533664754,6466.0,1.0,5600.0,Long,Backtesting
290,399748.54999999877,2009-04-06 15:00:00,820.51,2009-04-06 17:00:00,824.74,ExitLong,14.0,-0.002145007373462793,4216.0,1.0,5600.0,Long,Backtesting
291,406464.54999999877,2009-04-17 08:00:00,855.51,2009-04-17 10:00:00,862.24,ExitLong,14.0,-0.002057252399153664,6716.0,1.0,5600.0,Long,Backtesting
292,402140.4999999987,2009-04-20 01:00:00,860.01,2009-04-20 09:00:00,855.69995,StopLoss,14.0,0,-4324.050000000047,1.0,5600.0,Long,Backtesting
293,397925.1999999988,2009-04-20 14:00:00,838.26,2009-04-20 17:00:00,834.0587,StopLoss,14.0,0,-4215.29999999993,1.0,5600.0,Long,Backtesting
294,393686.14999999874,2009-04-22 01:00:00,843.01,2009-04-22 07:00:00,838.78495,StopLoss,14.0,0,-4239.050000000047,1.0,5600.0,Long,Backtesting
295,402152.14999999874,2009-04-30 05:00:00,874.01,2009-04-30 07:00:00,882.49,ExitLong,14.0,-0.0017276690198052558,8466.0,1.0,5600.0,Long,Backtesting
296,397671.8499999987,2009-05-13 13:00:00,891.26,2009-05-13 15:00:00,886.7937,StopLoss,14.0,0,-4480.300000000047,1.0,5600.0,Long,Backtesting
297,393226.54999999877,2009-05-13 16:00:00,884.26,2009-05-14 12:00:00,879.8287,StopLoss,14.0,0,-4445.29999999993,1.0,5600.0,Long,Backtesting
298,397942.54999999877,2009-05-27 19:00:00,891.26,2009-05-28 09:00:00,895.99,ExitLong,14.0,-0.0030967394475237553,4716.0,1.0,5600.0,Long,Backtesting
299,403658.54999999877,2009-05-28 22:00:00,903.76,2009-05-29 06:00:00,909.49,ExitLong,14.0,-0.0008409312206780761,5716.0,1.0,5600.0,Long,Backtesting
300,413374.54999999877,2009-06-08 09:00:00,928.76,2009-06-08 19:00:00,938.49,ExitLong,14.0,-0.003510056419311791,9716.0,1.0,5600.0,Long,Backtesting
301,418090.54999999877,2009-06-09 22:00:00,938.26,2009-06-10 03:00:00,942.99,ExitLong,14.0,-0.0010764606825399703,4716.0,1.0,5600.0,Long,Backtesting
302,413376.4999999987,2009-06-10 15:00:00,938.01,2009-06-10 17:00:00,933.30995,StopLoss,14.0,0,-4714.050000000047,1.0,5600.0,Long,Backtesting
303,408666.1999999988,2009-06-11 22:00:00,937.26,2009-06-12 12:00:00,932.5637,StopLoss,14.0,0,-4710.29999999993,1.0,5600.0,Long,Backtesting
304,414132.1999999988,2009-06-17 21:00:00,905.76,2009-06-18 14:00:00,911.24,ExitLong,14.0,-0.0030471648118707284,5466.0,1.0,5600.0,Long,Backtesting
305,409563.14999999886,2009-06-22 08:00:00,909.01,2009-06-22 13:00:00,904.45495,StopLoss,14.0,0,-4569.04999999993,1.0,5600.0,Long,Backtesting
306,405054.0999999988,2009-06-22 14:00:00,897.01,2009-06-22 15:00:00,892.51495,StopLoss,14.0,0,-4509.050000000047,1.0,5600.0,Long,Backtesting
307,415270.0999999988,2009-06-24 19:00:00,896.01,2009-06-25 04:00:00,906.24,ExitLong,14.0,-0.005033425966228022,10216.0,1.0,5600.0,Long,Backtesting
308,410751.04999999877,2009-06-25 09:00:00,899.01,2009-06-25 12:00:00,894.50495,StopLoss,14.0,0,-4519.050000000047,1.0,5600.0,Long,Backtesting
309,406144.49999999884,2009-07-02 05:00:00,916.51,2009-07-02 12:00:00,911.91745,StopLoss,14.0,0,-4606.54999999993,1.0,5600.0,Long,Backtesting
310,401672.9499999989,2009-07-05 22:00:00,889.51,2009-07-06 01:00:00,885.05245,StopLoss,14.0,0,-4471.54999999993,1.0,5600.0,Long,Backtesting
311,397180.149999999,2009-07-07 01:00:00,893.76,2009-07-07 13:00:00,889.2812,StopLoss,14.0,0,-4492.79999999993,1.0,5600.0,Long,Backtesting
312,392729.84999999905,2009-07-07 15:00:00,885.26,2009-07-07 18:00:00,880.8237,StopLoss,14.0,0,-4450.29999999993,1.0,5600.0,Long,Backtesting
313,388317.0499999991,2009-07-08 14:00:00,877.76,2009-07-08 15:00:00,873.3612,StopLoss,14.0,0,-4412.79999999993,1.0,5600.0,Long,Backtesting
314,396283.0499999991,2009-07-08 16:00:00,868.76,2009-07-08 19:00:00,876.74,ExitLong,14.0,-0.0040402412634099605,7966.0,1.0,5600.0,Long,Backtesting
315,391503.9999999992,2009-07-22 00:00:00,951.01,2009-07-22 08:00:00,946.24495,StopLoss,14.0,0,-4779.04999999993,1.0,5600.0,Long,Backtesting
316,397219.9999999992,2009-07-24 14:00:00,963.51,2009-07-24 15:00:00,969.24,ExitLong,14.0,-0.001048250666832673,5716.0,1.0,5600.0,Long,Backtesting
317,402435.9999999992,2009-07-28 11:00:00,972.51,2009-07-28 13:00:00,977.74,ExitLong,14.0,-0.0010385497321364623,5216.0,1.0,5600.0,Long,Backtesting
318,397394.44999999914,2009-08-05 01:00:00,1003.51,2009-08-05 13:00:00,998.48245,StopLoss,14.0,0,-5041.550000000047,1.0,5600.0,Long,Backtesting
319,405110.44999999914,2009-08-05 14:00:00,993.76,2009-08-05 18:00:00,1001.49,ExitLong,14.0,-0.0025257607470616783,7716.0,1.0,5600.0,Long,Backtesting
320,400072.6499999992,2009-08-11 12:00:00,1002.76,2009-08-11 13:00:00,997.7362,StopLoss,14.0,0,-5037.79999999993,1.0,5600.0,Long,Backtesting
321,395074.8499999993,2009-08-11 14:00:00,994.76,2009-08-12 07:00:00,989.7762,StopLoss,14.0,0,-4997.79999999993,1.0,5600.0,Long,Backtesting
322,390060.79999999923,2009-08-17 04:00:00,998.01,2009-08-17 07:00:00,993.00995,StopLoss,14.0,0,-5014.050000000047,1.0,5600.0,Long,Backtesting
323,385114.2499999992,2009-08-17 08:00:00,984.51,2009-08-17 13:00:00,979.57745,StopLoss,14.0,0,-4946.550000000047,1.0,5600.0,Long,Backtesting
324,379961.44999999925,2009-08-24 17:00:00,1025.76,2009-08-25 02:00:00,1020.6212,StopLoss,14.0,0,-5152.79999999993,1.0,5600.0,Long,Backtesting
325,374803.6499999993,2009-08-25 19:00:00,1026.76,2009-08-26 13:00:00,1021.6162,StopLoss,14.0,0,-5157.79999999993,1.0,5600.0,Long,Backtesting
326,369644.5999999994,2009-08-28 15:00:00,1027.01,2009-08-31 03:00:00,1021.86495,StopLoss,14.0,0,-5159.04999999993,1.0,5600.0,Long,Backtesting
327,375110.5999999994,2009-09-04 03:00:00,1001.01,2009-09-04 08:00:00,1006.49,ExitLong,14.0,-0.0010089809292613827,5466.0,1.0,5600.0,Long,Backtesting
328,381326.5999999994,2009-09-08 00:00:00,1019.51,2009-09-08 07:00:00,1025.74,ExitLong,14.0,-0.0009906719894851035,6216.0,1.0,5600.0,Long,Backtesting
329,376123.79999999946,2009-09-11 17:00:00,1035.76,2009-09-14 00:00:00,1030.5712,StopLoss,14.0,0,-5202.79999999993,1.0,5600.0,Long,Backtesting
330,383089.79999999946,2009-09-14 01:00:00,1027.01,2009-09-14 13:00:00,1033.99,ExitLong,14.0,-0.001470287533714365,6966.0,1.0,5600.0,Long,Backtesting
331,377770.7499999994,2009-09-20 22:00:00,1059.01,2009-09-21 08:00:00,1053.70495,StopLoss,14.0,0,-5319.050000000047,1.0,5600.0,Long,Backtesting
332,384736.7499999994,2009-09-21 09:00:00,1053.26,2009-09-21 15:00:00,1060.24,ExitLong,14.0,-0.0016710024115602629,6966.0,1.0,5600.0,Long,Backtesting
333,390202.7499999994,2009-09-24 04:00:00,1052.76,2009-09-24 06:00:00,1058.24,ExitLong,14.0,-0.00048444089821042535,5466.0,1.0,5600.0,Long,Backtesting
334,395668.7499999994,2009-09-24 16:00:00,1043.76,2009-09-25 04:00:00,1049.24,ExitLong,14.0,-0.002644286042768451,5466.0,1.0,5600.0,Long,Backtesting
335,401134.7499999994,2009-10-07 12:00:00,1045.76,2009-10-07 14:00:00,1051.24,ExitLong,14.0,-0.0004876835985312411,5466.0,1.0,5600.0,Long,Backtesting
336,406350.7499999994,2009-10-09 02:00:00,1062.51,2009-10-09 20:00:00,1067.74,ExitLong,14.0,-0.003774082126285827,5216.0,1.0,5600.0,Long,Backtesting
337,400979.1999999994,2009-10-13 01:00:00,1069.51,2009-10-13 14:00:00,1064.15245,StopLoss,14.0,0,-5371.550000000047,1.0,5600.0,Long,Backtesting
338,409445.1999999994,2009-10-18 22:00:00,1080.01,2009-10-19 07:00:00,1088.49,ExitLong,14.0,-0.0034814492458402624,8466.0,1.0,5600.0,Long,Backtesting
339,418411.1999999994,2009-10-21 10:00:00,1083.76,2009-10-21 13:00:00,1092.74,ExitLong,14.0,-0.0027773676828818372,8966.0,1.0,5600.0,Long,Backtesting
340,413000.89999999956,2009-10-21 21:00:00,1077.26,2009-10-22 14:00:00,1071.8637,StopLoss,14.0,0,-5410.299999999814,1.0,5600.0,Long,Backtesting
341,421216.89999999956,2009-11-03 09:00:00,1029.26,2009-11-03 14:00:00,1037.49,ExitLong,14.0,-0.0026815381924878423,8216.0,1.0,5600.0,Long,Backtesting
342,427682.89999999956,2009-11-12 04:00:00,1092.51,2009-11-12 14:00:00,1098.99,ExitLong,14.0,-0.0032127852376637733,6466.0,1.0,5600.0,Long,Backtesting
343,422128.8499999995,2009-11-16 22:00:00,1106.01,2009-11-17 15:00:00,1100.46995,StopLoss,14.0,0,-5554.050000000047,1.0,5600.0,Long,Backtesting
344,416574.79999999946,2009-11-19 02:00:00,1106.01,2009-11-19 11:00:00,1100.46995,StopLoss,14.0,0,-5554.050000000047,1.0,5600.0,Long,Backtesting
345,411033.2499999994,2009-11-23 19:00:00,1103.51,2009-11-24 14:00:00,1097.98245,StopLoss,14.0,0,-5541.550000000047,1.0,5600.0,Long,Backtesting
346,405494.1999999994,2009-11-26 07:00:00,1103.01,2009-11-26 08:00:00,1097.48495,StopLoss,14.0,0,-5539.050000000047,1.0,5600.0,Long,Backtesting
347,399991.3999999993,2009-11-26 09:00:00,1095.76,2009-11-26 14:00:00,1090.2712,StopLoss,14.0,0,-5502.800000000047,1.0,5600.0,Long,Backtesting
348,407457.3999999993,2009-11-27 07:00:00,1068.51,2009-11-27 08:00:00,1075.99,ExitLong,14.0,-0.0014131828433987526,7466.0,1.0,5600.0,Long,Backtesting
349,421173.3999999993,2009-12-03 21:00:00,1096.76,2009-12-04 13:00:00,1110.49,ExitLong,14.0,-0.00046500601772492267,13716.0,1.0,5600.0,Long,Backtesting
350,415620.5999999993,2009-12-07 06:00:00,1105.76,2009-12-07 08:00:00,1100.2212,StopLoss,14.0,0,-5552.800000000047,1.0,5600.0,Long,Backtesting
351,410132.79999999923,2009-12-08 14:00:00,1092.76,2009-12-09 14:00:00,1087.2862,StopLoss,14.0,0,-5487.800000000047,1.0,5600.0,Long,Backtesting
352,404574.9999999994,2009-12-15 08:00:00,1106.76,2009-12-15 20:00:00,1101.2162,StopLoss,14.0,0,-5557.799999999814,1.0,5600.0,Long,Backtesting
353,399025.9499999994,2009-12-16 20:00:00,1105.01,2009-12-17 07:00:00,1099.47495,StopLoss,14.0,0,-5549.050000000047,1.0,5600.0,Long,Backtesting
354,405241.9499999994,2009-12-23 15:00:00,1114.01,2009-12-24 14:00:00,1120.24,ExitLong,14.0,-0.0024775361082934877,6216.0,1.0,5600.0,Long,Backtesting
355,412207.9499999994,2009-12-28 19:00:00,1120.51,2009-12-29 11:00:00,1127.49,ExitLong,14.0,-0.0009013752666197083,6966.0,1.0,5600.0,Long,Backtesting
356,406568.8999999993,2009-12-29 16:00:00,1123.01,2009-12-30 09:00:00,1117.38495,StopLoss,14.0,0,-5639.050000000047,1.0,5600.0,Long,Backtesting
357,400944.8499999993,2009-12-31 15:00:00,1120.01,2009-12-31 20:00:00,1114.39995,StopLoss,14.0,0,-5624.050000000047,1.0,5600.0,Long,Backtesting
358,406910.8499999993,2010-01-15 17:00:00,1129.01,2010-01-18 07:00:00,1134.99,ExitLong,14.0,-0.00133745493839732,5966.0,1.0,5600.0,Long,Backtesting
359,413876.8499999993,2010-01-19 11:00:00,1130.51,2010-01-19 14:00:00,1137.49,ExitLong,14.0,-0.0037682108075116627,6966.0,1.0,5600.0,Long,Backtesting
360,420342.8499999993,2010-01-20 16:00:00,1128.01,2010-01-20 20:00:00,1134.49,ExitLong,14.0,-0.0024467868192658004,6466.0,1.0,5600.0,Long,Backtesting
361,414833.79999999923,2010-01-22 19:00:00,1097.01,2010-01-22 20:00:00,1091.51495,StopLoss,14.0,0,-5509.050000000047,1.0,5600.0,Long,Backtesting
362,421549.79999999923,2010-02-02 05:00:00,1084.01,2010-02-02 10:00:00,1090.74,ExitLong,14.0,-0.0018542264370254857,6716.0,1.0,5600.0,Long,Backtesting
363,416083.2499999992,2010-02-04 10:00:00,1088.51,2010-02-04 14:00:00,1083.05745,StopLoss,14.0,0,-5466.550000000047,1.0,5600.0,Long,Backtesting
364,410722.94999999914,2010-02-04 17:00:00,1067.26,2010-02-04 20:00:00,1061.9137,StopLoss,14.0,0,-5360.300000000047,1.0,5600.0,Long,Backtesting
365,417188.94999999914,2010-02-10 22:00:00,1064.01,2010-02-11 07:00:00,1070.49,ExitLong,14.0,-0.0007142790011371858,6466.0,1.0,5600.0,Long,Backtesting
366,423154.94999999914,2010-02-18 13:00:00,1094.26,2010-02-18 14:00:00,1100.24,ExitLong,14.0,-0.0011514630892109912,5966.0,1.0,5600.0,Long,Backtesting
367,428870.94999999914,2010-02-22 16:00:00,1105.01,2010-02-23 07:00:00,1110.74,ExitLong,14.0,-0.0006877765812074443,5716.0,1.0,5600.0,Long,Backtesting
368,434836.94999999914,2010-02-23 18:00:00,1092.01,2010-02-24 03:00:00,1097.99,ExitLong,14.0,-0.0016117068525013378,5966.0,1.0,5600.0,Long,Backtesting
369,429324.1499999991,2010-02-25 03:00:00,1097.76,2010-02-25 13:00:00,1092.2612,StopLoss,14.0,0,-5512.800000000047,1.0,5600.0,Long,Backtesting
370,436790.1499999991,2010-02-25 14:00:00,1087.51,2010-02-25 18:00:00,1094.99,ExitLong,14.0,-0.0027677906410056297,7466.0,1.0,5600.0,Long,Backtesting
371,443506.1499999991,2010-03-01 12:00:00,1104.76,2010-03-01 15:00:00,1111.49,ExitLong,14.0,-0.00023534523335388968,6716.0,1.0,5600.0,Long,Backtesting
372,449472.1499999991,2010-03-04 05:00:00,1114.51,2010-03-04 13:00:00,1120.49,ExitLong,14.0,-0.0004576002009851754,5966.0,1.0,5600.0,Long,Backtesting
373,455438.1499999991,2010-03-08 10:00:00,1135.51,2010-03-09 16:00:00,1141.49,ExitLong,14.0,-0.00353145282736389,5966.0,1.0,5600.0,Long,Backtesting
374,461404.1499999991,2010-03-15 01:00:00,1141.01,2010-03-15 21:00:00,1146.99,ExitLong,14.0,-0.003952638451897861,5966.0,1.0,5600.0,Long,Backtesting
375,455591.34999999905,2010-03-18 07:00:00,1157.76,2010-03-19 19:00:00,1151.9612,StopLoss,14.0,0,-5812.800000000047,1.0,5600.0,Long,Backtesting
376,462307.34999999905,2010-03-25 20:00:00,1160.26,2010-03-26 14:00:00,1166.99,ExitLong,14.0,-0.0017323703307878802,6716.0,1.0,5600.0,Long,Backtesting
377,456447.049999999,2010-03-29 12:00:00,1167.26,2010-03-31 13:00:00,1161.4137,StopLoss,14.0,0,-5860.300000000047,1.0,5600.0,Long,Backtesting
378,463913.049999999,2010-04-02 01:00:00,1171.26,2010-04-02 13:00:00,1178.74,ExitLong,14.0,-0.000862319211789031,7466.0,1.0,5600.0,Long,Backtesting
379,472879.049999999,2010-04-05 04:00:00,1178.01,2010-04-06 18:00:00,1186.99,ExitLong,14.0,-0.0029796011918404863,8966.0,1.0,5600.0,Long,Backtesting
380,466896.24999999895,2010-04-12 12:00:00,1191.76,2010-04-13 14:00:00,1185.7912,StopLoss,14.0,0,-5982.800000000047,1.0,5600.0,Long,Backtesting
381,460934.6999999989,2010-04-16 15:00:00,1187.51,2010-04-19 11:00:00,1181.56245,StopLoss,14.0,0,-5961.550000000047,1.0,5600.0,Long,Backtesting
382,454871.89999999886,2010-04-26 20:00:00,1207.76,2010-04-27 13:00:00,1201.7112,StopLoss,14.0,0,-6062.800000000047,1.0,5600.0,Long,Backtesting
383,448839.0999999988,2010-04-30 01:00:00,1201.76,2010-04-30 14:00:00,1195.7412,StopLoss,14.0,0,-6032.800000000047,1.0,5600.0,Long,Backtesting
384,442863.79999999877,2010-05-04 11:00:00,1190.26,2010-05-04 13:00:00,1184.2987,StopLoss,14.0,0,-5975.300000000047,1.0,5600.0,Long,Backtesting
385,436984.74999999895,2010-05-04 14:00:00,1171.01,2010-05-04 19:00:00,1165.14495,StopLoss,14.0,0,-5879.049999999814,1.0,5600.0,Long,Backtesting
386,431214.4499999989,2010-05-11 05:00:00,1149.26,2010-05-11 06:00:00,1143.5037,StopLoss,14.0,0,-5770.300000000047,1.0,5600.0,Long,Backtesting
387,437930.4499999989,2010-05-11 22:00:00,1146.51,2010-05-12 07:00:00,1153.24,ExitLong,14.0,-0.004805889176718869,6716.0,1.0,5600.0,Long,Backtesting
388,442896.4499999989,2010-05-14 15:00:00,1128.76,2010-05-14 20:00:00,1133.74,ExitLong,14.0,-0.004438498883730824,4966.0,1.0,5600.0,Long,Backtesting
389,454112.4499999989,2010-05-17 16:00:00,1117.51,2010-05-17 18:00:00,1128.74,ExitLong,14.0,-0.004259469713917552,11216.0,1.0,5600.0,Long,Backtesting
390,448497.14999999886,2010-05-18 18:00:00,1118.26,2010-05-18 21:00:00,1112.6587,StopLoss,14.0,0,-5615.300000000047,1.0,5600.0,Long,Backtesting
391,443160.5999999988,2010-05-21 12:00:00,1062.51,2010-05-21 13:00:00,1057.18745,StopLoss,14.0,0,-5336.550000000047,1.0,5600.0,Long,Backtesting
392,437806.54999999877,2010-05-24 22:00:00,1066.01,2010-05-25 00:00:00,1060.66995,StopLoss,14.0,0,-5354.050000000047,1.0,5600.0,Long,Backtesting
393,432377.4999999987,2010-06-04 12:00:00,1081.01,2010-06-04 16:00:00,1075.59495,StopLoss,14.0,0,-5429.050000000047,1.0,5600.0,Long,Backtesting
394,426990.9499999987,2010-06-04 17:00:00,1072.51,2010-06-04 18:00:00,1067.13745,StopLoss,14.0,0,-5386.550000000047,1.0,5600.0,Long,Backtesting
395,421654.3999999986,2010-06-04 19:00:00,1062.51,2010-06-06 22:00:00,1057.18745,StopLoss,14.0,0,-5336.550000000047,1.0,5600.0,Long,Backtesting
396,416357.8499999988,2010-06-09 20:00:00,1054.51,2010-06-09 22:00:00,1049.22745,StopLoss,14.0,0,-5296.549999999814,1.0,5600.0,Long,Backtesting
397,410800.049999999,2010-06-16 00:00:00,1106.76,2010-06-16 12:00:00,1101.2162,StopLoss,14.0,0,-5557.799999999814,1.0,5600.0,Long,Backtesting
398,417266.049999999,2010-06-16 22:00:00,1107.26,2010-06-17 09:00:00,1113.74,ExitLong,14.0,-0.003395769737911558,6466.0,1.0,5600.0,Long,Backtesting
399,411816.99999999895,2010-06-23 21:00:00,1085.01,2010-06-24 08:00:00,1079.57495,StopLoss,14.0,0,-5449.050000000047,1.0,5600.0,Long,Backtesting
400,406475.4499999989,2010-06-29 05:00:00,1063.51,2010-06-29 07:00:00,1058.18245,StopLoss,14.0,0,-5341.550000000047,1.0,5600.0,Long,Backtesting
401,401246.39999999886,2010-06-29 16:00:00,1041.01,2010-06-29 19:00:00,1035.79495,StopLoss,14.0,0,-5229.050000000047,1.0,5600.0,Long,Backtesting
402,407212.39999999886,2010-06-29 20:00:00,1034.01,2010-06-30 05:00:00,1039.99,ExitLong,14.0,-0.0012185568804943259,5966.0,1.0,5600.0,Long,Backtesting
403,415428.39999999886,2010-07-08 08:00:00,1055.76,2010-07-08 12:00:00,1063.99,ExitLong,14.0,-0.0007198605743730102,8216.0,1.0,5600.0,Long,Backtesting
404,421394.39999999886,2010-07-13 04:00:00,1074.76,2010-07-13 08:00:00,1080.74,ExitLong,14.0,-0.0016375749004429174,5966.0,1.0,5600.0,Long,Backtesting
405,427110.39999999886,2010-07-15 06:00:00,1089.51,2010-07-15 10:00:00,1095.24,ExitLong,14.0,-0.002303787941368096,5716.0,1.0,5600.0,Long,Backtesting
406,433826.39999999886,2010-07-16 19:00:00,1061.01,2010-07-19 08:00:00,1067.74,ExitLong,14.0,-0.0018944213532389176,6716.0,1.0,5600.0,Long,Backtesting
407,428254.8499999988,2010-07-27 15:00:00,1109.51,2010-07-28 14:00:00,1103.95245,StopLoss,14.0,0,-5571.550000000047,1.0,5600.0,Long,Backtesting
408,422704.54999999877,2010-07-28 15:00:00,1105.26,2010-07-28 19:00:00,1099.7237,StopLoss,14.0,0,-5550.300000000047,1.0,5600.0,Long,Backtesting
409,428670.54999999877,2010-07-28 20:00:00,1102.51,2010-07-29 08:00:00,1108.49,ExitLong,14.0,-0.001369602089776989,5966.0,1.0,5600.0,Long,Backtesting
410,435136.54999999877,2010-08-04 05:00:00,1115.01,2010-08-04 13:00:00,1121.49,ExitLong,14.0,-0.0024753141227432662,6466.0,1.0,5600.0,Long,Backtesting
411,429496.24999999895,2010-08-06 00:00:00,1123.26,2010-08-06 12:00:00,1117.6337,StopLoss,14.0,0,-5640.299999999814,1.0,5600.0,Long,Backtesting
412,423863.4499999989,2010-08-10 02:00:00,1121.76,2010-08-10 12:00:00,1116.1412,StopLoss,14.0,0,-5632.800000000047,1.0,5600.0,Long,Backtesting
413,418293.14999999886,2010-08-11 06:00:00,1109.26,2010-08-11 10:00:00,1103.7037,StopLoss,14.0,0,-5570.300000000047,1.0,5600.0,Long,Backtesting
414,412832.8499999988,2010-08-11 16:00:00,1087.26,2010-08-11 20:00:00,1081.8137,StopLoss,14.0,0,-5460.300000000047,1.0,5600.0,Long,Backtesting
415,420798.8499999988,2010-08-17 21:00:00,1089.01,2010-08-18 17:00:00,1096.99,ExitLong,14.0,-0.0048300750222679545,7966.0,1.0,5600.0,Long,Backtesting
416,415337.29999999877,2010-08-18 21:00:00,1087.51,2010-08-19 14:00:00,1082.06245,StopLoss,14.0,0,-5461.550000000047,1.0,5600.0,Long,Backtesting
417,409963.2499999987,2010-08-19 15:00:00,1070.01,2010-08-20 10:00:00,1064.64995,StopLoss,14.0,0,-5374.050000000047,1.0,5600.0,Long,Backtesting
418,418179.2499999987,2010-08-26 18:00:00,1044.26,2010-08-27 12:00:00,1052.49,ExitLong,14.0,-0.002403615957711658,8216.0,1.0,5600.0,Long,Backtesting
419,412840.1999999989,2010-08-30 10:00:00,1063.01,2010-08-30 14:00:00,1057.68495,StopLoss,14.0,0,-5339.049999999814,1.0,5600.0,Long,Backtesting
420,407307.39999999886,2010-09-07 06:00:00,1101.76,2010-09-07 08:00:00,1096.2412,StopLoss,14.0,0,-5532.800000000047,1.0,5600.0,Long,Backtesting
421,413523.39999999886,2010-09-09 03:00:00,1092.26,2010-09-09 09:00:00,1098.49,ExitLong,14.0,-0.0002380385622470227,6216.0,1.0,5600.0,Long,Backtesting
422,419489.39999999886,2010-09-17 13:00:00,1120.01,2010-09-20 09:00:00,1125.99,ExitLong,14.0,-0.0026874760046785573,5966.0,1.0,5600.0,Long,Backtesting
423,413791.5999999988,2010-09-21 03:00:00,1134.76,2010-09-22 08:00:00,1129.0762,StopLoss,14.0,0,-5697.800000000047,1.0,5600.0,Long,Backtesting
424,419757.5999999988,2010-10-04 16:00:00,1129.01,2010-10-04 20:00:00,1134.99,ExitLong,14.0,-0.001780320812038827,5966.0,1.0,5600.0,Long,Backtesting
425,413929.799999999,2010-10-11 05:00:00,1160.76,2010-10-12 03:00:00,1154.9462,StopLoss,14.0,0,-5827.799999999814,1.0,5600.0,Long,Backtesting
426,408051.99999999895,2010-10-18 01:00:00,1170.76,2010-10-18 08:00:00,1164.8962,StopLoss,14.0,0,-5877.800000000047,1.0,5600.0,Long,Backtesting
427,402142.9499999989,2010-10-27 04:00:00,1177.01,2010-10-27 14:00:00,1171.11495,StopLoss,14.0,0,-5909.050000000047,1.0,5600.0,Long,Backtesting
428,408358.9499999989,2010-10-28 16:00:00,1175.01,2010-10-29 17:00:00,1181.24,ExitLong,14.0,-0.0025616803261249155,6216.0,1.0,5600.0,Long,Backtesting
429,415574.9499999989,2010-11-09 00:00:00,1216.01,2010-11-09 11:00:00,1223.24,ExitLong,14.0,-0.001036175689344665,7216.0,1.0,5600.0,Long,Backtesting
430,409523.39999999886,2010-11-11 14:00:00,1205.51,2010-11-12 05:00:00,1199.47245,StopLoss,14.0,0,-6051.550000000047,1.0,5600.0,Long,Backtesting
431,403531.8499999988,2010-11-15 22:00:00,1193.51,2010-11-16 11:00:00,1187.53245,StopLoss,14.0,0,-5991.550000000047,1.0,5600.0,Long,Backtesting
432,397535.29999999877,2010-11-19 03:00:00,1194.51,2010-11-19 14:00:00,1188.52745,StopLoss,14.0,0,-5996.550000000047,1.0,5600.0,Long,Backtesting
433,391516.2499999987,2010-11-22 11:00:00,1199.01,2010-11-22 13:00:00,1193.00495,StopLoss,14.0,0,-6019.050000000047,1.0,5600.0,Long,Backtesting
434,385525.9499999987,2010-11-23 03:00:00,1193.26,2010-11-23 06:00:00,1187.2837,StopLoss,14.0,0,-5990.300000000047,1.0,5600.0,Long,Backtesting
435,379591.8999999986,2010-11-30 05:00:00,1182.01,2010-11-30 13:00:00,1176.08995,StopLoss,14.0,0,-5934.050000000047,1.0,5600.0,Long,Backtesting
436,373300.3499999986,2010-12-23 09:00:00,1253.51,2010-12-26 23:00:00,1247.23245,StopLoss,14.0,0,-6291.550000000047,1.0,5600.0,Long,Backtesting
437,380016.3499999986,2010-12-28 22:00:00,1253.76,2011-01-03 06:00:00,1260.49,ExitLong,14.0,-0.0033977794793261795,6716.0,1.0,5600.0,Long,Backtesting
438,373666.04999999853,2011-01-03 22:00:00,1265.26,2011-01-04 17:00:00,1258.9237,StopLoss,14.0,0,-6350.300000000047,1.0,5600.0,Long,Backtesting
439,367295.7499999987,2011-01-06 16:00:00,1269.26,2011-01-07 16:00:00,1262.9037,StopLoss,14.0,0,-6370.299999999814,1.0,5600.0,Long,Backtesting
440,360861.6999999987,2011-01-14 02:00:00,1282.01,2011-01-14 12:00:00,1275.58995,StopLoss,14.0,0,-6434.050000000047,1.0,5600.0,Long,Backtesting
441,354423.8999999986,2011-01-19 16:00:00,1282.76,2011-01-19 19:00:00,1276.3362,StopLoss,14.0,0,-6437.800000000047,1.0,5600.0,Long,Backtesting
442,348052.3499999986,2011-01-28 21:00:00,1269.51,2011-01-30 23:00:00,1263.15245,StopLoss,14.0,0,-6371.550000000047,1.0,5600.0,Long,Backtesting
443,341434.54999999853,2011-02-09 03:00:00,1318.76,2011-02-09 19:00:00,1312.1562,StopLoss,14.0,0,-6617.800000000047,1.0,5600.0,Long,Backtesting
444,348150.54999999853,2011-02-14 10:00:00,1325.76,2011-02-16 08:00:00,1332.49,ExitLong,14.0,-0.0026475380159304285,6716.0,1.0,5600.0,Long,Backtesting
445,341491.4999999985,2011-02-21 23:00:00,1327.01,2011-02-22 08:00:00,1320.36495,StopLoss,14.0,0,-6659.050000000047,1.0,5600.0,Long,Backtesting
446,334816.19999999844,2011-03-01 12:00:00,1330.26,2011-03-01 15:00:00,1323.5987,StopLoss,14.0,0,-6675.300000000047,1.0,5600.0,Long,Backtesting
447,328217.1499999986,2011-03-01 17:00:00,1315.01,2011-03-01 19:00:00,1308.42495,StopLoss,14.0,0,-6599.049999999814,1.0,5600.0,Long,Backtesting
448,321664.3499999986,2011-03-01 20:00:00,1305.76,2011-03-01 21:00:00,1299.2212,StopLoss,14.0,0,-6552.800000000047,1.0,5600.0,Long,Backtesting
